protein target,smiles count
P35368_ADRA1B,32
O95264_HTR3B,30
A5X5Y0_HTR3E,30
Q8WXA8_HTR3C,30
Q70Z44_HTR3D,29
Q9BY41_HDAC8,23
Q969S8_HDAC10,22
Q9UQL6_HDAC5,22
Q9UKV0_HDAC9,21
Q9UKV0_HDAC7,21
Q96DB2_HDAC11,21
P30281_CCND3,17
P30279_CCND2,16
P35354_PTGS2,16
P14416_DRD2,16
P09917_ALOX5,16
Q7Z2K8_GRIN1,15
P21728_DRD1,15
P18507_GABRG2,15
Q01668_CACNA1D,14
P11229_CHRM1,14
P78396_CCNA1,14
Q13698_CACNA1S,14
O75493_CA11,14
P07437_TUBB,14
P42261_GRIA1,13
P41594_GRM5,13
P25100_ADRA1A,13
P28472_GABRB3,13
P30939_HTR1F,12
P48058_GRIA4,12
P28223_HTR2A,12
P24941_CDK2,12
Q693B1_REN,12
P03372_ESR1,12
O75845_SC5D,11
Q9NWH9_MET,11
Q13131_PRKAA1,11
P42684_ABL2,11
P20309_CHRM3,11
P21453_S1PR1,10
P31644_GABRA5,10
P42262_GRIA2,10
O95067_CCNB2,10
P35367_HRH1,10
Q9ULZ9_MMP17,10
O00748_CES2,10
P24347_MMP11,10
P00533_EGFR,10
Q9NZ42_PSENEN,10
Q99542_MMP19,10
Q13936_CACNA1C,10
O15264_MAPK13,9
P42263_GRIA3,9
P14867_GABRA1,9
P42336_PIK3CA,9
Q96BI3_APH1A,9
P48169_GABRA4,9
P37231_PPARG,9
P18405_SRD5A1,9
P39900_MME,9
P31213_SRD5A2,9
P11802_CDK4,9
P28566_HTR1E,9
P28845_HSD11B1,9
Q12879_GRIN2A,9
O96020_CCNE2,9
Q14654_KCNJ11,9
Q9BRH5_DGAT1,9
P49810_PSEN2,9
P42574_CASP3,9
Q8WW43_APH1B,9
Q9NPC1_LTB4R2,9
P27487_DPP4,9
P08908_HTR1A,9
O60882_MMP20,9
P51511_MMP15,9
P0DPD6_ECE2,8
P00519_ABL1,8
Q16539_MAPK14,8
P18089_ADRA2B,8
O00329_PIK3CD,8
Q04759_PRKCQ,8
P60568_IL2,8
P51512_MMP16,8
O00555_CACNA1A,8
P33402_GUCY1A2,8
P35462_DRD3,8
P50750_CDK9,8
P25103_TACR1,8
Q09428_ABCC8,8
Q9H4B7_TUBB1,8
P31645_SLC6A4,8
Q99988_PDF,8
Q13224_GRIN2B,8
O00767_SCD,8
Q8WWL7_CCNB3,8
P0DMS8_ADORA3,8
P10275_AR,8
Q9UBN7_HDAC6,8
P23975_SLC6A2,8
Q8TDV5_GPR119,7
P24723_PRKCH,7
P29275_ADORA2B,7
P35408_PTGER4,7
O00408_PDE2A,7
P14780_MMP9,7
Q8N1C3_GABRG1,7
P23219_PTGS1,7
Q9H228_S1PR5,7
Q92731_ESR2,7
P08913_ADRA2A,7
Q14145_KEAP1,7
P42338_PIK3CB,7
P30926_CHRNB4,7
Q02108_GUCY1A1,7
P08588_ADRB1,7
P54646_PRKAA2,7
P47869_GABRA2,7
P20839_IMPDH1,7
P35228_NOS2,7
P19099_CYP11B2,7
Q06432_CACNG1,7
P35968_KDR,7
Q99928_GABRG3,7
P36544_CHRNA7,7
O15379_HDAC3,7
P36888_FLT3,7
P51164_ATP4B,7
Q71U36_TUBA1A,6
Q08493_PDE4C,6
P04626_ERBB2,6
P16298_PPP3CB,6
O60706_ABCC9,6
P31749_AKT1,6
Q15722_LTB4R,6
Q02153_GUCY1B1,6
Q9Y478_PRKAB1,6
P04637_TP53,6
Q07869_PPARA,6
P12821_ACE,6
P10276_RARA,6
O15460_P4HA2,6
P28335_HTR2C,6
Q13255_GRM1,6
Q15120_PDK3,6
P21731_TBXA2R,6
P07237_P4HB,6
O00763_ACACB,6
O00305_CACNB4,6
O95977_S1PR4,6
Q15878_CACNA1E,6
P20231_TPSB2,6
Q08209_PPP3CA,6
P0DMV8_HSPA1A,6
P35610_SOAT1,6
Q96SW2_CRBN,6
P06756_ITGAV,6
P47870_GABRB2,6
Q16654_PDK4,6
Q16236_NFE2L2,6
O14980_XPO1,6
Q15842_KCNJ8,6
Q12851_GCK,6
P63098_PPP3R1,6
Q00975_CACNA1B,6
P04350_TUBB4A,5
P07949_RET,5
P29274_ADORA2A,5
P34998_CRHR1,5
P43116_PTGER2,5
Q99250_SCN2A,5
Q9NY65_TUBA8,5
P24385_CCND1,5
Q05513_PRKCZ,5
P25021_HRH2,5
Q9NY47_CACNA2D2,5
Q9Y5S8_NOX1,5
P11387_TOP1,5
P20848_ATR,5
Q9Y5Y9_SCN10A,5
P06493_CDK1,5
P04150_NR3C1,5
Q00796_XDH,5
P62942_FKBP1A,5
Q13547_HDAC1,5
P08912_CHRM5,5
P11926_ODC1,5
P25774_CTSS,5
P68371_TUBB4B,5
P0DPH7_TUBA3C,5
P34903_GABRA3,5
Q05397_PTK2,5
P50281_MMP14,5
Q13509_TUBB3,5
P37059_HSD17B2,5
O60840_CACNA1F,5
Q9Y5X9_LIPG,5
P13674_P4HA1,5
O95477_ABCA1,5
P12268_IMPDH2,5
Q6PEY2_TUBA3E,5
P04818_TYMS,5
P43235_CTSK,5
Q9BVA1_TUBB2B,5
P68363_TUBA1B,5
Q14832_GRM3,5
P13569_CFTR,5
O15496_PLA2G10,5
O60674_JAK2,5
P25100_ADRA1D,5
P29466_CASP1,5
P30542_ADORA1,5
Q9BUF5_TUBB6,5
Q14416_GRM2,5
Q9BQE3_TUBA1C,5
Q16445_GABRA6,5
Q14790_CASP8,5
P37288_AVPR1A,5
P41597_CCR2,5
O15111_CHUK,5
P05067_APP,5
P07550_ADRB2,5
Q13885_TUBB2A,5
Q15661_TPSAB1,5
Q02641_CACNB1,5
P36897_TGFBR1,5
P23946_CMA1,5
P11274_BCR,5
P28221_HTR1D,5
P17252_PRKCA,5
Q13635_PTCH1,5
Q9UBS0_RPS6KB2,5
O76074_PDE5A,5
P68366_TUBA4A,5
Q3ZCM7_TUBB8,5
P35222_CTNNB1,5
P12931_SRC,5
P07098_LIPF,5
P24864_CCNE1,5
O95180_CACNA1H,5
P05362_ICAM1,4
P30968_GNRHR,4
P45452_MMP13,4
P20648_ATP4A,4
P05113_IL5,4
Q92847_GHSR,4
P49841_GSK3B,4
P19793_RXRA,4
P51686_CCR9,4
P08173_CHRM4,4
O43497_CACNA1G,4
Q9P0X4_CACNA1I,4
P09884_POLA1,4
P14550_AKR1A1,4
P60842_EIF4A1,4
Q08289_CACNB2,4
Q9NPH5_NOX4,4
O60885_BRD4,4
Q8TAA3_PSMA8,4
P21554_CNR1,4
P21452_TACR2,4
P21918_DRD5,4
Q7Z5P4_HSD17B13,4
Q9UK17_KCND3,4
P25786_PSMA1,4
Q9BPX1_HSD17B14,4
P25788_PSMA3,4
O75469_NR1I2,4
P32297_CHRNA3,4
P15056_BRAF,4
P28222_HTR1B,4
P10721_KIT,4
P16615_ATP2A2,4
Q8TCU5_GRIN3A,4
Q03164_KMT2A,4
P07900_HSP90AA1,4
O00206_TLR4,4
P23443_RPS6KB1,4
Q9H244_P2RY12,4
P14625_HSP90B1,4
P27338_MAOB,4
O43741_PRKAB2,4
P07510_CHRNG,4
O95622_ADCY5,4
P08253_MMP2,4
P28066_PSMA5,4
Q9NYK1_TLR7,4
O43187_IRAK2,4
P09619_PDGFRB,4
P07451_CA3,4
P49840_GSK3A,4
P49146_NPY2R,4
P37268_FDFT1,4
O00411_POLRMT,4
P25789_PSMA4,4
Q9Y2T6_GPR55,4
P16234_PDGFRA,4
P17707_AMD1,4
Q9NR97_TLR8,4
P25787_PSMA2,4
P09874_PARP1,4
P21917_DRD4,4
P11150_LIPC,4
Q12791_KCNMA1,4
P46098_HTR3A,4
P11511_CYP19A1,4
P11230_CHRNB1,4
P04629_NTRK1,4
P17787_CHRNB2,4
P51617_IRAK1,4
Q14542_SLC29A2,4
P0DP23_CALM1,4
O14843_FFAR3,4
P08235_NR3C2,4
Q15822_CHRNA2,4
Q9H2S1_KCNN2,4
P49720_PSMB3,4
P30536_TSPO,4
P14618_PKM,4
A5LHX3_PSMB11,4
Q08499_PDE4D,4
Q05469_LIPE,4
O14733_MAP2K7,4
Q96KQ7_EHMT2,4
P02708_CHRNA1,4
P30556_AGTR1,4
P22748_CA4,4
Q15349_RPS6KA2,4
P43088_PTGFR,4
P32418_SLC8A1,4
P23921_RRM1,4
P05112_IL4,4
Q8IZS8_CACNA2D3,4
P37088_SCNN1A,4
Q99714_HSD17B10,4
Q07001_CHRND,4
P56937_HSD17B7,4
Q13490_BIRC2,4
Q13304_GPR17,4
Q9Y5N1_HRH3,4
P54289_CACNA2D1,4
P51677_CCR3,4
Q00535_CDK5,4
P80404_ABAT,4
P00742_F10,4
Q14831_GRM7,4
P41595_HTR2B,4
O60911_CTSV,4
Q13370_PDE3B,4
P13945_ADRB3,4
O14929_HAT1,4
Q9ULM6_CCR4,4
P17612_PRKACA,4
P25025_CXCR2,4
Q92769_HDAC2,4
P28070_PSMB4,4
Q53GQ0_HSD17B12,4
O14818_PSMA7,4
Q8NBQ5_HSD17B11,4
P43115_PTGER3,4
P35499_SCN4A,4
Q15418_RPS6KA1,4
P32246_CCR1,4
P29475_NOS1,3
P11309_PIM1,3
Q13324_CRHR2,3
Q09472_EP300,3
O95136_S1PR2,3
Q15118_PDK1,3
P51812_RPS6KA3,3
P11473_VDR,3
P22612_PRKACG,3
P43405_SYK,3
O14638_ENPP3,3
Q9HBY0_NOX3,3
Q86X55_CARM1,3
Q9NP59_SLC40A1,3
Q99436_PSMB7,3
O43614_HCRTR2,3
P52333_JAK3,3
P35372_OPRM1,3
P06746_POLB,3
P49862_KLK7,3
P11166_SLC2A1,3
Q6UWR7_ENPP6,3
P47712_PLA2G4A,3
O15530_PDPK1,3
P01584_IL1B,3
Q13555_CAMK2G,3
P50416_CPT1A,3
P24530_EDNRB,3
Q04844_CHRNE,3
Q05901_CHRNB3,3
P51532_SMARCA4,3
Q99835_SMO,3
P62937_PPIA,3
Q05940_SLC18A2,3
P21964_COMT,3
P62195_PSMC5,3
O60906_SMPD2,3
Q15465_SHH,3
Q99500_S1PR3,3
O96013_PAK4,3
O43242_PSMD3,3
P48736_PIK3CG,3
Q9P1W9_PIM2,3
Q14289_PTK2B,3
Q7Z3S7_CACNA2D4,3
O75762_TRPA1,3
O43306_ADCY6,3
P47900_P2RY1,3
Q14994_NR1I3,3
Q99720_SIGMAR1,3
P05556_ITGB1,3
Q9Y5Z0_BACE2,3
P43403_ZAP70,3
Q16651_PRSS8,3
P18825_ADRA2C,3
Q12809_KCNH2,3
P00813_ADA,3
Q9UNI1_CELA1,3
Q99572_P2RX7,3
P51681_CCR5,3
P15121_AKR1B1,3
P28065_PSMB9,3
Q00534_CDK6,3
Q9NNW7_TXNRD2,3
P50613_CDK7,3
P16499_PDE6A,3
P19784_CSNK2A2,3
P24557_TBXAS1,3
P20701_ITGAL,3
Q9UM07_PADI4,3
Q9UM73_ALK,3
P34969_HTR7,3
O75899_GABBR2,3
P28062_PSMB8,3
P00915_CA1,3
P49137_MAPKAPK2,3
Q8IXJ6_SIRT2,3
P04798_CYP1A1,3
Q13554_CAMK2B,3
O43525_KCNQ3,3
P51531_SMARCA2,3
Q13200_PSMD2,3
O60755_GALR3,3
P00568_AK1,3
Q13621_SLC12A1,3
P40306_PSMB10,3
P17980_PSMC3,3
P06239_LCK,3
P00747_PLG,3
P22607_FGFR3,3
P05412_JUN,3
P98170_XIAP,3
P55157_MTTP,3
O00231_PSMD11,3
Q02127_DHODH,3
P34995_PTGER1,3
Q5S007_LRRK2,3
P22694_PRKACB,3
Q9GZZ6_CHRNA10,3
P60900_PSMA6,3
Q3B792_NQO1,3
O14965_AURKA,3
Q96D31_ORAI1,3
P39023_RPL3,3
P08684_CYP3A4,3
P54819_AK2,3
Q9UGM1_CHRNA9,3
P16066_NPR1,3
Q9HCE7_SMURF1,3
P05023_ATP1A1,3
P51665_PSMD7,3
P28072_PSMB6,3
Q06124_PTPN11,3
P42892_ECE1,3
Q13085_ACACA,3
P38435_GGCX,3
P23229_ITGA6,3
Q15858_SCN9A,3
P00918_CA2,3
P21730_C5AR1,3
P35610_ACAT1,3
Q99558_MAP3K14,3
P08069_IGF1R,3
Q99460_PSMD1,3
Q9NY46_SCN3A,3
P04114_APOB,3
O60266_ADCY3,3
Q9UNM6_PSMD13,3
P55036_PSMD4,3
P05026_ATP1B1,3
Q14524_SCN5A,3
P18031_PTPN1,3
P30532_CHRNA5,3
Q08462_ADCY2,3
P40238_MPL,3
P48556_PSMD8,3
P11597_CETP,3
O75530_EED,3
P07858_CTSB,3
P38919_EIF4A3,3
P15538_CYP11B1,3
Q15825_CHRNA6,3
P08172_CHRM2,3
O75908_ACAT2,3
P60709_ACTB,3
Q13639_HTR4,3
Q9Y233_PDE10A,3
P10415_BCL2,3
P28074_PSMB5,3
P00491_PNP,3
P55085_F2RL1,3
P10826_RARB,2
P49336_CDK8,2
O75533_SF3B1,2
P18054_ALOX12,2
Q15843_NEDD8,2
Q00987_MDM2,2
P49760_CLK2,2
P61158_ACTR3,2
P68871_HBB,2
Q02156_PRKCE,2
P61160_ACTR2,2
Q9Y2D0_CA5B,2
O94806_PRKD3,2
P35575_G6PC,2
O15294_OGT,2
P07101_TH,2
Q9UGJ0_PRKAG2,2
Q9BQB6_VKORC1,2
P27144_AK4,2
P04070_PROC,2
P35226_BMI1,2
P16050_ALOX15,2
P51168_SCNN1B,2
Q96RJ0_TAAR1,2
P49238_CX3CR1,2
P09237_MMP7,2
O15118_NPC1,2
P46527_CDKN1B,2
Q06187_BTK,2
Q9UNQ0_ABCG2,2
Q9NRR2_TPSG1,2
Q8TD08_MAPK15,2
Q08828_ADCY1,2
Q9UF02_CACNG5,2
P56817_BACE1,2
O60894_RAMP1,2
Q14957_GRIN2C,2
Q14534_SQLE,2
Q96QE3_ATAD5,2
P49917_LIG4,2
P29474_NOS3,2
Q96KS0_EGLN2,2
Q8NB16_MLKL,2
Q8WXS5_CACNG8,2
P00558_PGK1,2
Q14240_EIF4A2,2
Q99836_MYD88,2
Q9UL51_HCN2,2
Q92523_CPT1B,2
Q14833_GRM4,2
P13866_SLC5A1,2
P11142_HSPA8,2
Q9GZQ6_NPFFR1,2
P19021_PAM,2
P19838_NFKB1,2
P13637_ATP1A3,2
P41146_OPRL1,2
P10253_GAA,2
P78334_GABRE,2
P03951_F11,2
P30411_BDKRB2,2
P30613_PKLR,2
Q12802_AKAP13,2
Q99418_CYTH2,2
P09382_LGALS1,2
Q8TDS4_HCAR2,2
Q13510_ASAH1,2
P54760_EPHB4,2
O60760_HPGDS,2
P04049_RAF1,2
O14649_KCNK3,2
P41143_OPRD1,2
O43603_GALR2,2
P14174_MIF,2
Q9HAZ1_CLK4,2
P35218_CA5A,2
P50148_GNAQ,2
O60391_GRIN3B,2
P50993_ATP1A2,2
Q02763_TEK,2
Q9Y5X5_NPFFR2,2
P09172_DBH,2
Q14123_PDE1C,2
Q6TGC4_PADI6,2
P08238_HSP90AB1,2
P54619_PRKAG1,2
P36507_MAP2K2,2
P07711_CTSL,2
O75908_SOAT2,2
O14983_ATP2A1,2
P51828_ADCY7,2
Q9BPV8_P2RY13,2
Q07699_SCN1B,2
O14746_TERT,2
O15554_KCNN4,2
O15552_FFAR2,2
Q8NFM4_ADCY4,2
Q96SN7_ORAI2,2
P21397_MAOA,2
P25090_FPR2,2
O15303_GRM6,2
P11169_SLC2A3,2
Q96RI1_NR1H4,2
P84077_ARF1,2
P51170_SCNN1G,2
Q9BZP6_CHIA,2
P48775_TDO2,2
P08842_STS,2
Q07820_MCL1,2
P30874_SSTR2,2
Q9UK32_RPS6KA6,2
O76039_CDKL5,2
P18545_PDE6G,2
Q9HC97_GPR35,2
Q9NY91_SLC5A4,2
P04035_HMGCR,2
Q15910_EZH2,2
Q9UQM7_CAMK2A,2
P49356_FNTB,2
P22455_FGFR4,2
P35498_SCN1A,2
P31751_AKT2,2
P35520_CBS,2
P15144_ANPEP,2
P29992_GNA11,2
P56524_HDAC4,2
P18505_GABRB1,2
Q14498_RBM39,2
Q9Y698_CACNG2,2
P14679_TYR,2
Q9UBS5_GABBR1,2
Q9HCR9_PDE11A,2
P16455_MGMT,2
P20618_PSMB1,2
P19113_HDC,2
O00421_CCR6,2
P08246_ELANE,2
P40763_STAT3,2
Q07343_PDE4B,2
P50579_METAP2,2
Q8IW41_MAPKAPK5,2
P06241_FYN,2
Q05655_PRKCD,2
P02766_TTR,2
Q9P1Z3_HCN3,2
O15054_KDM6B,2
P34972_CNR2,2
P05187_ALPP,2
P43166_CA7,2
Q13733_ATP1A4,2
Q9UN88_GABRQ,2
P55087_AQP4,2
Q08752_PPID,2
P22460_KCNA5,2
Q16853_AOC3,2
P21333_FLNA,2
P03952_KLKB1,2
Q96S37_SLC22A12,2
P43003_SLC1A3,2
P51582_P2RY4,2
P48048_KCNJ1,2
P39900_MMP12,2
P14415_ATP1B2,2
Q13546_RIPK1,2
P49354_FNTA,2
Q15139_PRKD1,2
Q07812_BAX,2
P07992_ERCC1,2
Q06609_RAD51,2
Q86U86_PBRM1,2
P42356_PI4KA,2
O00222_GRM8,2
P18084_ITGB5,2
P49682_CXCR3,2
Q13822_ENPP2,2
P46934_NEDD4,2
P14061_HSD17B1,2
P00441_SOD1,2
P62508_ESRRG,2
P28331_NDUFS1,2
P52732_KIF11,2
O75116_ROCK2,2
P00746_CFD,2
P50225_SULT1A1,2
O95363_FARS2,2
P49759_CLK1,2
Q16620_NTRK2,2
Q04637_EIF4G1,2
Q2M2I8_AAK1,2
Q9H2X9_SLC12A5,2
P17706_PTPN2,2
P13500_CCL2,2
P50052_AGTR2,2
O00590_CCR10,2
Q01959_SLC6A3,2
O43526_KCNQ2,2
P38571_LIPA,2
P54709_ATP1B3,2
P19447_ERCC3,2
P04839_CYBB,2
P03886_MT-ND1,2
P09923_ALPI,2
P11509_CYP2A6,2
P16083_NQO2,2
P31639_SLC5A2,2
Q13956_PDE6H,2
Q8TD43_TRPM4,2
Q9BZJ3_TPSD1,2
P55017_SLC12A3,2
P41222_PTGDS,2
P55211_CASP9,2
O43924_PDE6D,2
O15399_GRIN2D,2
Q7Z2W7_TRPM8,2
Q9UGI6_KCNN3,2
P15884_TCF4,2
P43354_NR4A2,2
P33527_ABCC1,2
O00591_GABRP,2
P48764_SLC9A3,2
Q66K64_DCAF15,2
P48443_RXRG,2
Q96P20_NLRP3,2
Q9UGI9_PRKAG3,2
Q13163_MAP2K5,2
Q9UBY0_SLC9A2,2
P23284_PPIB,2
O43570_CA12,2
P31350_RRM2,2
P05107_ITGB2,2
Q13164_MAPK7,2
Q9BRQ5_ORAI3,2
O94788_ALDH1A2,2
P25105_PTAFR,2
Q92630_DYRK2,2
Q8TDU6_GPBAR1,2
P27708_CAD,2
Q92830_KAT2A,2
O75676_RPS6KA4,2
P09038_FGF2,2
P43119_PTGIR,2
P32248_CCR7,2
Q02790_FKBP4,2
P49721_PSMB2,2
P43220_GLP1R,2
P45985_MAP2K4,2
P67870_CSNK2B,2
P63000_RAC1,2
Q92633_LPAR1,2
O15550_KDM6A,2
P10635_CYP2D6,2
P32238_CCKAR,2
O15392_BIRC5,2
Q02224_CENPE,2
Q9H5I1_SUV39H2,2
P05186_ALPL,2
Q16790_CA9,2
P25116_F2R,2
P14635_CCNB1,2
O15169_AXIN1,2
P51685_CCR8,2
O60359_CACNG3,2
O60341_KDM1A,2
P14902_IDO1,2
P47898_HTR5A,2
Q9UBF8_PI4KB,2
Q9NRA0_SPHK2,2
Q07075_ENPEP,2
P19835_CEL,2
Q9Y5Y6_ST14,2
Q08881_ITK,2
P28838_LAP3,2
Q99788_CMKLR1,2
P03956_MMP1,2
P56373_P2RX3,2
P54098_POLG,2
P08183_ABCB1,2
P53396_ACLY,2
P04406_GAPDH,2
Q5BJF2_TMEM97,2
O14764_GABRD,2
O60603_TLR2,2
Q16206_ENOX2,2
P68104_EEF1A1,2
P27987_ITPKB,2
Q9NPC2_KCNK9,2
Q13627_DYRK1A,2
P19971_TYMP,2
P35398_RORA,2
P53609_PGGT1B,2
P45984_MAPK9,2
P54750_PDE1A,2
P06401_PGR,2
P00352_ALDH1A1,2
P27815_PDE4A,2
Q92889_ERCC4,2
P27361_MAPK3,2
P31152_MAPK4,1
P28482_MAPK1,1
Q9H4B4_PLK3,1
Q7L0J3_SV2A,1
P05121_SERPINE1,1
Q9H7B4_SMYD3,1
Q92952_KCNN1,1
Q93084_ATP2A3,1
O14684_PTGES,1
Q99808_SLC29A1,1
Q96PD7_DGAT2,1
P56159_GFRA1,1
P31327_CPS1,1
Q99571_P2RX4,1
O15528_CYP27B1,1
Q86TI2_DPP9,1
P23368_ME2,1
P54753_EPHB3,1
Q9UI32_GLS,1
P50570_DNM2,1
Q16526_CRY1,1
P40879_SLC26A3,1
P14324_FDPS,1
Q8TCT9_HM13,1
P24046_GABRR1,1
Q96IV0_NGLY1,1
P45378_TNNT3,1
P26006_ITGA3,1
P48039_MTNR1A,1
P05981_HPN,1
Q9HCF6_TRPM3,1
P49585_PCYT1A,1
O94759_TRPM2,1
O14976_GAK,1
Q15761_NPY5R,1
P27169_PON1,1
P30559_OXTR,1
P21675_TAF1,1
P10747_CD28,1
P01024_C3,1
P34981_TRHR,1
Q99523_SORT1,1
P32320_CDA,1
P16473_TSHR,1
P46734_MAP2K3,1
Q9UBR2_CTSZ,1
P48547_KCNC1,1
Q92793_CREBBP,1
P38936_CDKN1A,1
P14410_SI,1
P22894_MMP8,1
Q01538_MTF1,1
O15382_BCAT2,1
P28340_POLD1,1
P01138_NGF,1
Q9GZV3_SLC5A7,1
P07998_RNASE1,1
O43613_HCRTR1,1
Q9ULD8_KCNH3,1
Q9UNA4_POLI,1
Q9NZ20_PLA2G3,1
P07384_CAPN1,1
Q9Y259_CKB,1
P29317_EPHA2,1
Q8NCG7_DAGLB,1
P11712_CYP2C9,1
Q96Q83_ALKBH3,1
Q8TET4_GANC,1
P53350_PLK1,1
P31939_ATIC,1
Q8NFU7_TET1,1
P39086_GRIK1,1
P06702_S100A9,1
P84098_RPL19,1
P61313_RPL15,1
P09601_HMOX1,1
Q01344_IL5RA,1
P37173_TGFBR2,1
P10619_CTSA,1
Q16769_QPCT,1
Q5NUL3_FFAR4,1
Q16288_NTRK3,1
O95153_TSPOAP1,1
P36956_SREBF1,1
O75417_POLQ,1
O00482_NR5A2,1
P49821_NDUFV1,1
Q7RTX1_TAS1R1,1
O75531_BANF1,1
Q9ULI0_ATAD2B,1
O15540_FABP7,1
Q96RP8_KCNA7,1
P60953_CDC42,1
Q9NR82_KCNQ5,1
P32245_MC4R,1
P49915_GMPS,1
P01730_CD4,1
P60484_PTEN,1
P62750_RPL23A,1
Q9NP56_PDE7B,1
Q9HAU4_SMURF2,1
A8K2H7_C3AR1,1
O15438_ABCC3,1
Q92753_RORB,1
P16233_PNLIP,1
Q9NXA8_SIRT5,1
P48065_SLC6A12,1
Q16875_PFKFB3,1
Q8WXE1_ATRIP,1
P00750_PLAT,1
P25024_CXCR1,1
Q92696_RABGGTA,1
Q96PH1_NOX5,1
P23141_CES1,1
Q07864_POLE,1
O75365_PTP4A3,1
Q9NYL2_MAP3K20,1
P22735_TGM1,1
Q16873_LTC4S,1
O94953_KDM4B,1
O14867_BACH1,1
P08631_HCK,1
Q9NZV8_KCND2,1
Q9ULX7_CA14,1
P48067_SLC6A9,1
P07333_CSF1R,1
P05230_FGF1,1
P53778_MAPK12,1
Q02083_NAAA,1
P30419_NMT1,1
P05091_ALDH2,1
Q9UPC5_GPR34,1
P05231_IL6,1
Q96GD4_AURKB,1
Q92743_HTRA1,1
P56696_KCNQ4,1
P10515_DLAT,1
P00338_LDHA,1
P29144_TPP2,1
Q9BZL6_PRKD2,1
P01375_TNF,1
Q13724_MOGS,1
P28702_RXRB,1
Q16832_TKT,1
P41743_PRKCI,1
O43463_SUV39H1,1
O95931_CBX7,1
P56282_POLE2,1
O15269_SPTLC1,1
P06732_CKM,1
P28476_GABRR2,1
Q13018_PLA2R1,1
O75582_RPS6KA5,1
P30086_PEBP1,1
P25092_GUCY2C,1
P54687_BCAT1,1
P32249_GPR183,1
P07477_PRSS1,1
P51580_TPMT,1
P05177_CYP1A2,1
Q15054_POLD3,1
Q02878_RPL6,1
Q13427_CASP10,1
P47211_GALR1,1
P07339_CTSD,1
P80365_HSD11B2,1
P54578_USP14,1
Q8TAV3_CYP2W1,1
Q9HC35_EML4,1
P19022_CDH2,1
P62263_RPS14,1
Q8IV61_RASGRP3,1
P00751_CFB,1
P43005_SLC1A1,1
Q9UGN5_PARP2,1
O15270_SPTLC2,1
Q96EB6_SIRT1,1
Q9Y5Y4_PTGDR2,1
P16581_SELE,1
P50897_PPT1,1
Q8WYB5_KAT6B,1
Q16659_MAPK6,1
P35579_MYH9,1
P55011_SLC12A2,1
Q9UBX1_CTSF,1
P26639_TARS1,1
P12643_BMP2,1
P13497_BMP1,1
Q9Y5K2_KLK4,1
Q13002_GRIK2,1
Q9Y2K7_KDM2A,1
Q16602_CALCRL,1
P32241_VIPR1,1
Q9BXM7_PINK1,1
P42226_STAT6,1
Q9Y256_RCE1,1
Q9UIQ6_LNPEP,1
Q9GZU1_MCOLN1,1
P13631_RARG,1
P35713_SOX18,1
P30518_AVPR2,1
Q9HCU8_POLD4,1
P30530_AXL,1
P12104_FABP2,1
P10636_MAPT,1
Q9Y345_SLC6A5,1
P53634_CTSC,1
P17948_FLT1,1
O60259_KLK8,1
Q9GZT9_EGLN1,1
P15085_CPA1,1
Q5R387_PLA2G2C,1
P61927_RPL37,1
Q9Y4K0_LOXL2,1
P61081_UBE2M,1
Q9Y3S1_WNK2,1
P78508_KCNJ10,1
P23109_AMPD1,1
P46089_GPR3,1
P49773_HINT1,1
P51790_CLCN3,1
P12319_FCER1A,1
Q8TDS5_OXER1,1
P41231_P2RY2,1
P52209_PGD,1
P52630_STAT2,1
P51575_P2RX1,1
Q8IYL9_GPR65,1
P35414_APLNR,1
Q9NYA1_SPHK1,1
P13807_GYS1,1
P23416_GLRA2,1
Q9UHC3_ASIC3,1
Q9UKR3_KLK13,1
P06865_HEXA,1
Q32MK0_MYLK3,1
P30305_CDC25B,1
Q9NS40_KCNH7,1
P21796_VDAC1,1
O14730_RIOK3,1
Q15031_LARS2,1
Q9NSD7_RXFP3,1
Q7RTT9_SLC29A4,1
Q14573_ITPR3,1
Q9NP87_POLM,1
P26583_HMGB2,1
P61073_CXCR4,1
P40429_RPL13A,1
P35913_PDE6B,1
P15313_ATP6V1B1,1
P51788_CLCN2,1
P07948_LYN,1
P57764_GSDMD,1
Q9NQV7_PRDM9,1
P53582_METAP1,1
O60939_SCN2B,1
P50583_NUDT2,1
P14060_HSD3B1,1
Q9NWZ3_IRAK4,1
Q5VWZ2_LYPLAL1,1
P46093_GPR4,1
Q86W56_PARG,1
Q9UNK4_PLA2G2D,1
P14735_IDE,1
P19429_TNNC1,1
Q86WV6_STING1,1
P16389_KCNA2,1
Q9UHC9_NPC1L1,1
P62136_PPP1CA,1
Q12852_MAP3K12,1
P40145_ADCY8,1
P01137_TGFB1,1
Q99527_GPER1,1
P55786_NPEPPS,1
Q99755_PIP5K1A,1
Q01844_EWSR1,1
P62140_PPP1CB,1
O00141_SGK1,1
P36639_NUDT1,1
P53611_RABGGTB,1
P30274_CCNA2,1
P09871_C1S,1
Q9GZQ4_NMUR2,1
P16109_SELP,1
P01854_IGHE,1
Q9UL54_TAOK2,1
P37058_HSD17B3,1
Q96AD5_PNPLA2,1
Q9NYY3_PLK2,1
Q13057_PPAT,1
Q969V1_MCHR2,1
Q15743_GPR68,1
P30307_CDC25C,1
Q86V86_PIM3,1
P12956_XRCC6,1
P41252_IARS1,1
P35580_MYH10,1
P49286_MTNR1B,1
P14555_PLA2G2A,1
P60866_RPS20,1
Q9NRF9_POLE3,1
Q9HBH9_MKNK2,1
Q9Y2E5_MAN2B2,1
Q9H6Z9_EGLN3,1
P62913_RPL11,1
P39877_PLA2G5,1
P42330_AKR1C3,1
Q93008_USP9X,1
Q00653_NFKB2,1
P55055_NR1H2,1
P43681_CHRNA4,1
P12883_MYH7,1
P07686_HEXB,1
P00439_PAH,1
Q96PR1_KCNC2,1
O00574_CXCR6,1
P21217_FUT3,1
P80192_MAP3K9,1
Q9BQ31_KCNS3,1
Q9H252_KCNH6,1
Q14003_KCNC3,1
Q99705_MCHR1,1
P14210_HGF,1
P07478_PRSS2,1
O00142_TK2,1
Q02318_CYP27A1,1
P17752_TPH1,1
P07148_FABP1,1
Q8WTV0_SCARB1,1
O14744_PRMT5,1
Q7L7X3_TAOK1,1
O60503_ADCY9,1
Q96S38_RPS6KC1,1
P46059_SLC15A1,1
Q13435_SF3B2,1
P49798_RGS4,1
P41279_MAP3K8,1
O95665_NTSR2,1
Q86YV6_MYLK4,1
Q9UKP6_UTS2R,1
P33261_CYP2C19,1
P36896_ACVR1B,1
P18621_RPL17,1
P33681_CD80,1
Q15758_SLC1A5,1
Q9Y6L6_SLCO1B1,1
B2RXH2_KDM4E,1
P16333_NCK1,1
P52564_MAP2K6,1
O76083_PDE9A,1
Q02928_CYP4A11,1
P51161_FABP6,1
P38606_ATP6V1A,1
P36873_PPP1CC,1
P46095_GPR6,1
O15244_SLC22A2,1
P51659_HSD17B4,1
P22392_NME2,1
P98161_PKD1,1
Q9P0G3_KLK14,1
O95749_GGPS1,1
Q14181_POLA2,1
P06276_BCHE,1
P22102_GART,1
P22314_UBA1,1
Q15116_PDCD1,1
P01130_LDLR,1
P21462_FPR1,1
P51160_PDE6C,1
P15382_KCNE1,1
B9EGA7_CDC42BPA,1
P30550_GRPR,1
P48449_LSS,1
Q96T88_UHRF1,1
Q9NQR1_KMT5A,1
P15328_FOLR1,1
Q13285_NR5A1,1
O43184_ADAM12,1
P78348_ASIC1,1
O96017_CHEK2,1
O95069_KCNK2,1
P24666_ACP1,1
P53355_DAPK1,1
P54710_FXYD2,1
P20711_DDC,1
Q9BZM1_PLA2G12A,1
P08709_F7,1
P50406_HTR6,1
P13612_ITGA4,1
Q9H0A0_NAT10,1
Q9H237_PORCN,1
Q9Y253_POLH,1
Q9Y2T1_AXIN2,1
Q9BQI3_EIF2AK1,1
Q9Y337_KLK5,1
O75343_GUCY1B2,1
Q9Y6K9_IKBKG,1
Q8TCW9_PROKR1,1
P49895_DIO1,1
Q9ULV1_FZD4,1
P04156_PRNP,1
Q92993_KAT5,1
Q8IZX4_TAF1L,1
O43781_DYRK3,1
Q92831_KAT2B,1
Q14940_SLC9A5,1
P20292_ALOX5AP,1
P20151_KLK2,1
Q14012_CAMK1,1
Q01118_SCN7A,1
Q15125_EBP,1
P22301_IL10,1
P16662_UGT2B7,1
P52789_HK2,1
Q9UBM7_DHCR7,1
Q4U2R8_SLC22A6,1
Q04864_REL,1
Q96J92_WNK4,1
Q99884_SLC6A7,1
P31040_SDHA,1
P00734_F2,1
P19440_GGT1,1
Q16739_UGCG,1
P47871_GCGR,1
Q9GZZ9_UBA5,1
Q12882_DPYD,1
Q13258_PTGDR,1
Q0Z7S8_FABP9,1
P17844_DDX5,1
Q86V24_ADIPOR2,1
P25101_EDNRA,1
P17813_ENG,1
P08254_MMP3,1
P06576_ATP5F1B,1
P49366_DHPS,1
Q9UBT6_POLK,1
P15531_NME1,1
Q8N474_SFRP1,1
P54132_BLM,1
O14626_GPR171,1
P62829_RPL23,1
P06731_CEACAM5,1
Q9NSY1_BMP2K,1
Q01196_RUNX1,1
Q9Y6D5_ARFGEF2,1
P09960_LTA4H,1
P49005_POLD2,1
P05771_PRKCB,1
Q96PN6_ADCY10,1
O60741_HCN1,1
P13798_APEH,1
Q9UKE5_TNIK,1
P06737_PYGL,1
P48163_ME1,1
Q15303_ERBB4,1
P53602_MVD,1
P19525_EIF2AK2,1
O95503_CBX6,1
Q9UHN1_POLG2,1
P22680_CYP7A1,1
Q9Y243_AKT3,1
P25705_ATP5F1A,1
Q96LB1_MRGPRX2,1
Q14571_ITPR2,1
P33032_MC5R,1
Q16828_DUSP6,1
Q9H4A3_WNK1,1
P48735_IDH2,1
Q9HB89_NMUR1,1
P46663_BDKRB1,1
P48788_TNNI2,1
Q9UKL6_PCTP,1
Q05193_DNM1,1
P56192_MARS1,1
O95263_PDE8B,1
Q92844_TRAF2,1
P35270_SPR,1
O15455_TLR3,1
Q9NWM0_SMOX,1
Q5XG87_TENT4A,1
Q04609_FOLH1,1
P67775_PPP2CA,1
O75387_SLC43A1,1
P50336_PPOX,1
P49411_TUFM,1
O60658_PDE8A,1
Q9H3R0_KDM4C,1
P21912_SDHB,1
O60331_PIP5K1C,1
P09211_GSTP1,1
Q92887_ABCC2,1
P78329_CYP4F2,1
Q9H7D0_DOCK5,1
Q16881_TXNRD1,1
Q6PIU2_NCEH1,1
P28300_LOX,1
P33316_DUT,1
P51787_KCNQ1,1
P41145_OPRK1,1
Q9Y5S2_CDC42BPB,1
P00492_HPRT1,1
Q15393_SF3B3,1
Q9H8M2_BRD9,1
Q16099_GRIK4,1
P26439_HSD3B2,1
P25929_NPY1R,1
P49888_SULT1E1,1
P14920_DAO,1
P21980_TGM2,1
Q96RD7_PANX1,1
Q6W5P4_NPSR1,1
P50591_TNFSF10,1
O00519_FAAH,1
Q16877_PFKFB4,1
P24928_POLR2A,1
Q7Z5Q5_POLN,1
Q16558_KCNMB1,1
P25106_ACKR3,1
Q9UGP5_POLL,1
P11362_FGFR1,1
P08151_GLI1,1
P29218_IMPA1,1
Q9NSA0_SLC22A11,1
Q8IU85_CAMK1D,1
P29375_KDM5A,1
P09429_HMGB1,1
P32247_BRS3,1
P62714_PPP2CB,1
O14561_NDUFAB1,1
Q9UHD2_TBK1,1
O75807_PPP1R15A,1
P17655_CAPN2,1
Q16665_HIF1A,1
P16220_CREB1,1
P01031_C5,1
O15245_SLC22A1,1
O15296_ALOX15B,1
Q14974_KPNB1,1
Q9H2K8_TAOK3,1
P29373_CRABP2,1
Q16678_CYP1B1,1
P21802_FGFR2,1
P30101_PDIA3,1
Q99895_CTRC,1
O95259_KCNH1,1
P11388_TOP2A,1
P43304_GPD2,1
Q8TCC7_SLC22A8,1
Q00796_SORD,1
P48357_LEPR,1
P19320_VCAM1,1
Q01726_MC1R,1
Q13093_PLA2G7,1
Q13003_GRIK3,1
Q13464_ROCK1,1
Q9H1R3_MYLK2,1
P14091_CTSE,1
Q9UQD0_SCN8A,1
O75751_SLC22A3,1
P08575_PTPRC,1
Q7Z418_KCNK18,1
A8K7I4_CLCA1,1
Q8IVT5_KSR1,1
P05129_PRKCG,1
P23919_DTYMK,1
Q12931_TRAP1,1
Q13057_COASY,1
P16444_DPEP1,1
P11766_ADH5,1
P53985_SLC16A1,1
O00571_DDX3X,1
Q13526_PIN1,1
P11474_ESRRA,1
P08620_FGF4,1
Q01433_AMPD2,1
Q9NZJ5_EIF2AK3,1
Q00536_CDK16,1
P01111_NRAS,1
O43193_MLNR,1
P07288_KLK3,1
P10092_CALCB,1
P35030_PRSS3,1
P23415_GLRA1,1
Q99873_PRMT1,1
Q92876_KLK6,1
Q9NQ66_PLCB1,1
Q15078_CDK5R1,1
P54219_SLC18A1,1
P16152_CBR1,1
Q13882_PTK6,1
Q14643_ITPR1,1
Q9BUB5_MKNK1,1
O14788_TNFSF11,1
P02743_APCS,1
P07814_EPRS1,1
O15229_KMO,1
P42568_MLLT3,1
Q8NFA2_NOXO1,1
P49642_PRIM1,1
Q9UBX7_KLK11,1
P08134_RHOC,1
P22888_LHCGR,1
Q8TCT0_CERK,1
Q9UPY5_SLC7A11,1
P32745_SSTR3,1
Q9UKR0_KLK12,1
Q93009_USP7,1
P11177_PDHB,1
P62917_RPL8,1
P11216_PYGB,1
Q8TF76_HASPIN,1
P51649_ALDH5A1,1
P43007_SLC1A4,1
P34932_HSPA4,1
P08686_CYP21A2,1
P49768_PSEN1,1
P35590_TIE1,1
P28336_NMBR,1
Q16478_GRIK5,1
P55072_VCP,1
O15439_ABCC4,1
P21281_ATP6V1B2,1
P08311_CTSG,1
P21860_ERBB3,1
Q96NX5_CAMK1G,1
Q04206_RELA,1
P33981_TTK,1
P12644_BMP4,1
P19174_PLCG1,1
O14842_FFAR1,1
Q3SYC2_MOGAT2,1
Q9BYP7_WNK3,1
P29972_AQP1,1
P01116_KRAS,1
P26447_S100A4,1
